{
    "accuracy": 0.9975,
    "precision": 1.0,
    "recall": 0.9852941176470589,
    "f1_score": 0.9925925925925926
}