{
    "accuracy": 0.8617886178861789,
    "precision": 0.84,
    "recall": 0.9882352941176471,
    "f1_score": 0.9081081081081082
}